[
  {
    "token": "3d3bce67-170a-4bee-91ec-e18f884bb431",
    "candidateId": 22,
    "interviewerEmail": "piyush45@gmail.com",
    "candidateEmail": "parthoeee68@gmail.com",
    "startISO": "2025-09-01T00:00:00.000Z",
    "endISO": "2025-09-01T00:30:00.000Z",
    "tz": "Australia/Sydney",
    "status": "pending",
    "createdAt": 1756656419967
  },
  {
    "token": "a74a0219-e6bd-4aa6-96c4-73a38c694533",
    "candidateId": 22,
    "interviewerEmail": "piyush45@gmail.com",
    "candidateEmail": "parthoeee68@gmail.com",
    "startISO": "2025-09-01T04:00:00.000Z",
    "endISO": "2025-09-01T04:30:00.000Z",
    "tz": "Australia/Sydney",
    "status": "pending",
    "createdAt": 1756656419968
  },
  {
    "token": "557b4ae9-6d68-49f0-831c-d062d821fdc8",
    "candidateId": 22,
    "interviewerEmail": "piyush45@gmail.com",
    "candidateEmail": "parthoeee68@gmail.com",
    "startISO": "2025-09-02T00:00:00.000Z",
    "endISO": "2025-09-02T00:30:00.000Z",
    "tz": "Australia/Sydney",
    "status": "pending",
    "createdAt": 1756656419968
  },
  {
    "token": "1091cd77-f921-4b52-a4a8-1223b89677d7",
    "candidateId": 22,
    "interviewerEmail": "piyush45@gmail.com",
    "candidateEmail": "parthoeee68@gmail.com",
    "startISO": "2025-09-02T04:00:00.000Z",
    "endISO": "2025-09-02T04:30:00.000Z",
    "tz": "Australia/Sydney",
    "status": "pending",
    "createdAt": 1756656419968
  },
  {
    "token": "be561e8e-0a9f-43f3-91d7-98015cf0317f",
    "candidateId": 22,
    "interviewerEmail": "piyush45@gmail.com",
    "candidateEmail": "parthoeee68@gmail.com",
    "startISO": "2025-09-03T00:00:00.000Z",
    "endISO": "2025-09-03T00:30:00.000Z",
    "tz": "Australia/Sydney",
    "status": "pending",
    "createdAt": 1756656419968
  },
  {
    "token": "85133399-1e9b-4df8-b502-c37233a84fd5",
    "candidateId": 22,
    "interviewerEmail": "piyush45@gmail.com",
    "candidateEmail": "parthoeee68@gmail.com",
    "startISO": "2025-09-03T04:00:00.000Z",
    "endISO": "2025-09-03T04:30:00.000Z",
    "tz": "Australia/Sydney",
    "status": "pending",
    "createdAt": 1756656419968
  },
  {
    "token": "d1413748-f38a-4ac5-a561-8459aa022539",
    "candidateId": 22,
    "interviewerEmail": "piyush45@gmail.com",
    "candidateEmail": "parthoeee68@gmail.com",
    "startISO": "2025-09-01T00:00:00.000Z",
    "endISO": "2025-09-01T00:30:00.000Z",
    "tz": "Australia/Sydney",
    "status": "pending",
    "createdAt": 1756656425588
  },
  {
    "token": "c89e994f-d46b-4766-b1c7-fd8b597300c5",
    "candidateId": 22,
    "interviewerEmail": "piyush45@gmail.com",
    "candidateEmail": "parthoeee68@gmail.com",
    "startISO": "2025-09-01T04:00:00.000Z",
    "endISO": "2025-09-01T04:30:00.000Z",
    "tz": "Australia/Sydney",
    "status": "pending",
    "createdAt": 1756656425588
  },
  {
    "token": "830ae71b-4e8a-43a4-b482-02fc43a8ded6",
    "candidateId": 22,
    "interviewerEmail": "piyush45@gmail.com",
    "candidateEmail": "parthoeee68@gmail.com",
    "startISO": "2025-09-02T00:00:00.000Z",
    "endISO": "2025-09-02T00:30:00.000Z",
    "tz": "Australia/Sydney",
    "status": "pending",
    "createdAt": 1756656425589
  },
  {
    "token": "616efff6-493a-4632-96ee-fcd03aa1ea0e",
    "candidateId": 22,
    "interviewerEmail": "piyush45@gmail.com",
    "candidateEmail": "parthoeee68@gmail.com",
    "startISO": "2025-09-02T04:00:00.000Z",
    "endISO": "2025-09-02T04:30:00.000Z",
    "tz": "Australia/Sydney",
    "status": "pending",
    "createdAt": 1756656425589
  },
  {
    "token": "548158f6-6f92-47e8-a340-034228bb59f5",
    "candidateId": 22,
    "interviewerEmail": "piyush45@gmail.com",
    "candidateEmail": "parthoeee68@gmail.com",
    "startISO": "2025-09-03T00:00:00.000Z",
    "endISO": "2025-09-03T00:30:00.000Z",
    "tz": "Australia/Sydney",
    "status": "pending",
    "createdAt": 1756656425589
  },
  {
    "token": "5d23c397-a68f-4f60-a4ed-c63850b7ed31",
    "candidateId": 22,
    "interviewerEmail": "piyush45@gmail.com",
    "candidateEmail": "parthoeee68@gmail.com",
    "startISO": "2025-09-03T04:00:00.000Z",
    "endISO": "2025-09-03T04:30:00.000Z",
    "tz": "Australia/Sydney",
    "status": "pending",
    "createdAt": 1756656425589
  },
  {
    "token": "21468b0a-5256-43eb-90fc-c34381812dcb",
    "candidateId": 22,
    "interviewerEmail": "piyush45@gmail.com",
    "candidateEmail": "parthoeee68@gmail.com",
    "startISO": "2025-09-01T00:00:00.000Z",
    "endISO": "2025-09-01T00:20:00.000Z",
    "tz": "Australia/Sydney",
    "status": "pending",
    "createdAt": 1756656438516
  },
  {
    "token": "bf5526ca-a74f-422a-ae0e-4054ca9ac5b2",
    "candidateId": 22,
    "interviewerEmail": "piyush45@gmail.com",
    "candidateEmail": "parthoeee68@gmail.com",
    "startISO": "2025-09-01T04:00:00.000Z",
    "endISO": "2025-09-01T04:20:00.000Z",
    "tz": "Australia/Sydney",
    "status": "pending",
    "createdAt": 1756656438516
  },
  {
    "token": "ec3b473a-5dc5-4467-bdf3-5867dbe8383b",
    "candidateId": 22,
    "interviewerEmail": "piyush45@gmail.com",
    "candidateEmail": "parthoeee68@gmail.com",
    "startISO": "2025-09-02T00:00:00.000Z",
    "endISO": "2025-09-02T00:20:00.000Z",
    "tz": "Australia/Sydney",
    "status": "pending",
    "createdAt": 1756656438516
  },
  {
    "token": "fa54b3b1-471c-484a-b50a-bc0beacd8d32",
    "candidateId": 22,
    "interviewerEmail": "piyush45@gmail.com",
    "candidateEmail": "parthoeee68@gmail.com",
    "startISO": "2025-09-02T04:00:00.000Z",
    "endISO": "2025-09-02T04:20:00.000Z",
    "tz": "Australia/Sydney",
    "status": "pending",
    "createdAt": 1756656438516
  },
  {
    "token": "df90f680-ef98-4411-9b64-42a6dd921342",
    "candidateId": 22,
    "interviewerEmail": "piyush45@gmail.com",
    "candidateEmail": "parthoeee68@gmail.com",
    "startISO": "2025-09-03T00:00:00.000Z",
    "endISO": "2025-09-03T00:20:00.000Z",
    "tz": "Australia/Sydney",
    "status": "pending",
    "createdAt": 1756656438516
  },
  {
    "token": "e252967d-7494-4ab2-a865-62b1ae844028",
    "candidateId": 22,
    "interviewerEmail": "piyush45@gmail.com",
    "candidateEmail": "parthoeee68@gmail.com",
    "startISO": "2025-09-03T04:00:00.000Z",
    "endISO": "2025-09-03T04:20:00.000Z",
    "tz": "Australia/Sydney",
    "status": "pending",
    "createdAt": 1756656438516
  },
  {
    "token": "e5d7bca1-adba-4c8e-ac5c-5f609c8222cf",
    "candidateId": 22,
    "interviewerEmail": "piyush45@gmail.com",
    "candidateEmail": "parthoeee68@gmail.com",
    "startISO": "2025-09-01T00:00:00.000Z",
    "endISO": "2025-09-01T00:20:00.000Z",
    "tz": "Australia/Sydney",
    "status": "pending",
    "createdAt": 1756656478663
  },
  {
    "token": "4bbc37c4-7242-4aa5-b21f-f53c0543345d",
    "candidateId": 22,
    "interviewerEmail": "piyush45@gmail.com",
    "candidateEmail": "parthoeee68@gmail.com",
    "startISO": "2025-09-01T04:00:00.000Z",
    "endISO": "2025-09-01T04:20:00.000Z",
    "tz": "Australia/Sydney",
    "status": "pending",
    "createdAt": 1756656478663
  },
  {
    "token": "1db90253-0951-4ec7-b857-de05aac4dc1a",
    "candidateId": 22,
    "interviewerEmail": "piyush45@gmail.com",
    "candidateEmail": "parthoeee68@gmail.com",
    "startISO": "2025-09-02T00:00:00.000Z",
    "endISO": "2025-09-02T00:20:00.000Z",
    "tz": "Australia/Sydney",
    "status": "pending",
    "createdAt": 1756656478663
  },
  {
    "token": "e40dddc1-2c28-4f32-90a4-50c7ac190ef2",
    "candidateId": 22,
    "interviewerEmail": "piyush45@gmail.com",
    "candidateEmail": "parthoeee68@gmail.com",
    "startISO": "2025-09-02T04:00:00.000Z",
    "endISO": "2025-09-02T04:20:00.000Z",
    "tz": "Australia/Sydney",
    "status": "pending",
    "createdAt": 1756656478663
  },
  {
    "token": "41c088e3-e201-487f-b8b9-e88e3eef90e0",
    "candidateId": 22,
    "interviewerEmail": "piyush45@gmail.com",
    "candidateEmail": "parthoeee68@gmail.com",
    "startISO": "2025-09-03T00:00:00.000Z",
    "endISO": "2025-09-03T00:20:00.000Z",
    "tz": "Australia/Sydney",
    "status": "pending",
    "createdAt": 1756656478663
  },
  {
    "token": "51178140-b4cf-4f79-b102-fae795e3de26",
    "candidateId": 22,
    "interviewerEmail": "piyush45@gmail.com",
    "candidateEmail": "parthoeee68@gmail.com",
    "startISO": "2025-09-03T04:00:00.000Z",
    "endISO": "2025-09-03T04:20:00.000Z",
    "tz": "Australia/Sydney",
    "status": "pending",
    "createdAt": 1756656478663
  },
  {
    "token": "815d931e-d810-4572-8840-c76261220735",
    "candidateId": 21,
    "interviewerEmail": "piyush45@gmail.com",
    "candidateEmail": "sd",
    "startISO": "2025-09-01T00:00:00.000Z",
    "endISO": "2025-09-01T00:20:00.000Z",
    "tz": "Australia/Sydney",
    "status": "pending",
    "createdAt": 1756656480860
  },
  {
    "token": "fcc9d41b-398a-4e31-a36d-d59e7bef1d48",
    "candidateId": 21,
    "interviewerEmail": "piyush45@gmail.com",
    "candidateEmail": "sd",
    "startISO": "2025-09-01T04:00:00.000Z",
    "endISO": "2025-09-01T04:20:00.000Z",
    "tz": "Australia/Sydney",
    "status": "pending",
    "createdAt": 1756656480860
  },
  {
    "token": "8e32e0cd-6aea-4879-ac27-cb8b453712f7",
    "candidateId": 21,
    "interviewerEmail": "piyush45@gmail.com",
    "candidateEmail": "sd",
    "startISO": "2025-09-02T00:00:00.000Z",
    "endISO": "2025-09-02T00:20:00.000Z",
    "tz": "Australia/Sydney",
    "status": "pending",
    "createdAt": 1756656480860
  },
  {
    "token": "a1f52931-13d4-4f1f-8f39-fcde712ec6c2",
    "candidateId": 21,
    "interviewerEmail": "piyush45@gmail.com",
    "candidateEmail": "sd",
    "startISO": "2025-09-02T04:00:00.000Z",
    "endISO": "2025-09-02T04:20:00.000Z",
    "tz": "Australia/Sydney",
    "status": "pending",
    "createdAt": 1756656480860
  },
  {
    "token": "62b14115-7d49-4e8c-8cb7-b418bdfe5189",
    "candidateId": 21,
    "interviewerEmail": "piyush45@gmail.com",
    "candidateEmail": "sd",
    "startISO": "2025-09-03T00:00:00.000Z",
    "endISO": "2025-09-03T00:20:00.000Z",
    "tz": "Australia/Sydney",
    "status": "pending",
    "createdAt": 1756656480860
  },
  {
    "token": "0b93d7cc-cf2a-42cb-aecc-9348655513d0",
    "candidateId": 21,
    "interviewerEmail": "piyush45@gmail.com",
    "candidateEmail": "sd",
    "startISO": "2025-09-03T04:00:00.000Z",
    "endISO": "2025-09-03T04:20:00.000Z",
    "tz": "Australia/Sydney",
    "status": "pending",
    "createdAt": 1756656480860
  },
  {
    "token": "1328bd90-da07-42dd-b261-8dbc38bfe216",
    "candidateId": 20,
    "interviewerEmail": "piyush45@gmail.com",
    "candidateEmail": "parthoeee68@gmail.com",
    "startISO": "2025-09-01T00:00:00.000Z",
    "endISO": "2025-09-01T00:20:00.000Z",
    "tz": "Australia/Sydney",
    "status": "pending",
    "createdAt": 1756656486379
  },
  {
    "token": "eb69f88c-cfda-4e88-9c69-ff8d22bfb965",
    "candidateId": 20,
    "interviewerEmail": "piyush45@gmail.com",
    "candidateEmail": "parthoeee68@gmail.com",
    "startISO": "2025-09-01T04:00:00.000Z",
    "endISO": "2025-09-01T04:20:00.000Z",
    "tz": "Australia/Sydney",
    "status": "pending",
    "createdAt": 1756656486379
  },
  {
    "token": "8b266962-f8d2-4070-b370-295e09d7bf9c",
    "candidateId": 20,
    "interviewerEmail": "piyush45@gmail.com",
    "candidateEmail": "parthoeee68@gmail.com",
    "startISO": "2025-09-02T00:00:00.000Z",
    "endISO": "2025-09-02T00:20:00.000Z",
    "tz": "Australia/Sydney",
    "status": "pending",
    "createdAt": 1756656486379
  },
  {
    "token": "30e06bcf-6673-4167-a83c-dcee93050bc3",
    "candidateId": 20,
    "interviewerEmail": "piyush45@gmail.com",
    "candidateEmail": "parthoeee68@gmail.com",
    "startISO": "2025-09-02T04:00:00.000Z",
    "endISO": "2025-09-02T04:20:00.000Z",
    "tz": "Australia/Sydney",
    "status": "pending",
    "createdAt": 1756656486379
  },
  {
    "token": "308fb7b4-b4b5-4594-b98b-4adc5c2f90a3",
    "candidateId": 20,
    "interviewerEmail": "piyush45@gmail.com",
    "candidateEmail": "parthoeee68@gmail.com",
    "startISO": "2025-09-03T00:00:00.000Z",
    "endISO": "2025-09-03T00:20:00.000Z",
    "tz": "Australia/Sydney",
    "status": "pending",
    "createdAt": 1756656486379
  },
  {
    "token": "1a46c0f1-3a1a-4031-b187-bf709f18b5d8",
    "candidateId": 20,
    "interviewerEmail": "piyush45@gmail.com",
    "candidateEmail": "parthoeee68@gmail.com",
    "startISO": "2025-09-03T04:00:00.000Z",
    "endISO": "2025-09-03T04:20:00.000Z",
    "tz": "Australia/Sydney",
    "status": "pending",
    "createdAt": 1756656486379
  },
  {
    "token": "2929d933-5e81-4f6c-aab4-702b5261e8ce",
    "candidateId": 20,
    "interviewerEmail": "piyush45@gmail.com",
    "candidateEmail": "parthoeee68@gmail.com",
    "startISO": "2025-09-01T00:00:00.000Z",
    "endISO": "2025-09-01T00:20:00.000Z",
    "tz": "Australia/Sydney",
    "status": "pending",
    "createdAt": 1756656488721
  },
  {
    "token": "7bc188ed-54da-4a32-a004-a160f7d27126",
    "candidateId": 20,
    "interviewerEmail": "piyush45@gmail.com",
    "candidateEmail": "parthoeee68@gmail.com",
    "startISO": "2025-09-01T04:00:00.000Z",
    "endISO": "2025-09-01T04:20:00.000Z",
    "tz": "Australia/Sydney",
    "status": "pending",
    "createdAt": 1756656488721
  },
  {
    "token": "74e4b7aa-0456-4e6d-bf89-cf29a2cb388b",
    "candidateId": 20,
    "interviewerEmail": "piyush45@gmail.com",
    "candidateEmail": "parthoeee68@gmail.com",
    "startISO": "2025-09-02T00:00:00.000Z",
    "endISO": "2025-09-02T00:20:00.000Z",
    "tz": "Australia/Sydney",
    "status": "pending",
    "createdAt": 1756656488721
  },
  {
    "token": "2cbc0132-a133-4c0f-8991-1f668f6809a3",
    "candidateId": 20,
    "interviewerEmail": "piyush45@gmail.com",
    "candidateEmail": "parthoeee68@gmail.com",
    "startISO": "2025-09-02T04:00:00.000Z",
    "endISO": "2025-09-02T04:20:00.000Z",
    "tz": "Australia/Sydney",
    "status": "pending",
    "createdAt": 1756656488721
  },
  {
    "token": "4dc1b96e-c252-4a66-ae15-96a2e9c453ca",
    "candidateId": 20,
    "interviewerEmail": "piyush45@gmail.com",
    "candidateEmail": "parthoeee68@gmail.com",
    "startISO": "2025-09-03T00:00:00.000Z",
    "endISO": "2025-09-03T00:20:00.000Z",
    "tz": "Australia/Sydney",
    "status": "pending",
    "createdAt": 1756656488721
  },
  {
    "token": "f0d41fe4-0e42-4444-a1e3-15041ad4fe09",
    "candidateId": 20,
    "interviewerEmail": "piyush45@gmail.com",
    "candidateEmail": "parthoeee68@gmail.com",
    "startISO": "2025-09-03T04:00:00.000Z",
    "endISO": "2025-09-03T04:20:00.000Z",
    "tz": "Australia/Sydney",
    "status": "pending",
    "createdAt": 1756656488721
  },
  {
    "token": "6ac935c2-084e-478a-888e-974da7ba4b5c",
    "candidateId": 23,
    "interviewerEmail": "parthoeee68@gmail.com",
    "candidateEmail": "parthoeee68@gmail.com",
    "startISO": "2025-09-08T00:00:00.000Z",
    "endISO": "2025-09-08T00:30:00.000Z",
    "tz": "Australia/Sydney",
    "status": "pending",
    "createdAt": 1757249720941
  },
  {
    "token": "5f12e458-a463-4e71-b06d-78fc0498bd50",
    "candidateId": 23,
    "interviewerEmail": "parthoeee68@gmail.com",
    "candidateEmail": "parthoeee68@gmail.com",
    "startISO": "2025-09-08T04:00:00.000Z",
    "endISO": "2025-09-08T04:30:00.000Z",
    "tz": "Australia/Sydney",
    "status": "pending",
    "createdAt": 1757249720942
  },
  {
    "token": "6cc534ed-d422-4c9c-92f3-0f55c88616df",
    "candidateId": 23,
    "interviewerEmail": "parthoeee68@gmail.com",
    "candidateEmail": "parthoeee68@gmail.com",
    "startISO": "2025-09-09T00:00:00.000Z",
    "endISO": "2025-09-09T00:30:00.000Z",
    "tz": "Australia/Sydney",
    "status": "pending",
    "createdAt": 1757249720942
  },
  {
    "token": "6c9d75a2-0473-4406-99f0-6553309ab42b",
    "candidateId": 23,
    "interviewerEmail": "parthoeee68@gmail.com",
    "candidateEmail": "parthoeee68@gmail.com",
    "startISO": "2025-09-09T04:00:00.000Z",
    "endISO": "2025-09-09T04:30:00.000Z",
    "tz": "Australia/Sydney",
    "status": "pending",
    "createdAt": 1757249720942
  },
  {
    "token": "03b33da8-7065-4241-84d0-fc86b3003b05",
    "candidateId": 23,
    "interviewerEmail": "parthoeee68@gmail.com",
    "candidateEmail": "parthoeee68@gmail.com",
    "startISO": "2025-09-10T00:00:00.000Z",
    "endISO": "2025-09-10T00:30:00.000Z",
    "tz": "Australia/Sydney",
    "status": "pending",
    "createdAt": 1757249720942
  },
  {
    "token": "e0b5efcf-e5fb-44f7-804d-b4bc76970cfd",
    "candidateId": 23,
    "interviewerEmail": "parthoeee68@gmail.com",
    "candidateEmail": "parthoeee68@gmail.com",
    "startISO": "2025-09-10T04:00:00.000Z",
    "endISO": "2025-09-10T04:30:00.000Z",
    "tz": "Australia/Sydney",
    "status": "pending",
    "createdAt": 1757249720942
  },
  {
    "token": "3000de9a-de2e-4536-ba16-1f788a615e19",
    "candidateId": 24,
    "interviewerEmail": "parthoeee68@gmail.com",
    "candidateEmail": "a",
    "startISO": "2025-09-08T00:00:00.000Z",
    "endISO": "2025-09-08T00:30:00.000Z",
    "tz": "Australia/Sydney",
    "status": "pending",
    "createdAt": 1757249780354
  },
  {
    "token": "a1705719-1463-435a-87fc-010e2b179f56",
    "candidateId": 24,
    "interviewerEmail": "parthoeee68@gmail.com",
    "candidateEmail": "a",
    "startISO": "2025-09-08T04:00:00.000Z",
    "endISO": "2025-09-08T04:30:00.000Z",
    "tz": "Australia/Sydney",
    "status": "pending",
    "createdAt": 1757249780354
  },
  {
    "token": "551ac807-7056-4ac7-9937-4f21332deeb7",
    "candidateId": 24,
    "interviewerEmail": "parthoeee68@gmail.com",
    "candidateEmail": "a",
    "startISO": "2025-09-09T00:00:00.000Z",
    "endISO": "2025-09-09T00:30:00.000Z",
    "tz": "Australia/Sydney",
    "status": "pending",
    "createdAt": 1757249780354
  },
  {
    "token": "f43775b6-b65b-48b5-ab11-c2dfcb78c3ac",
    "candidateId": 24,
    "interviewerEmail": "parthoeee68@gmail.com",
    "candidateEmail": "a",
    "startISO": "2025-09-09T04:00:00.000Z",
    "endISO": "2025-09-09T04:30:00.000Z",
    "tz": "Australia/Sydney",
    "status": "pending",
    "createdAt": 1757249780354
  },
  {
    "token": "f163c64e-8fd6-4244-a700-2912d973d966",
    "candidateId": 24,
    "interviewerEmail": "parthoeee68@gmail.com",
    "candidateEmail": "a",
    "startISO": "2025-09-10T00:00:00.000Z",
    "endISO": "2025-09-10T00:30:00.000Z",
    "tz": "Australia/Sydney",
    "status": "pending",
    "createdAt": 1757249780354
  },
  {
    "token": "cfa36c22-9ad9-4f2c-8a6a-fc11a664cf6d",
    "candidateId": 24,
    "interviewerEmail": "parthoeee68@gmail.com",
    "candidateEmail": "a",
    "startISO": "2025-09-10T04:00:00.000Z",
    "endISO": "2025-09-10T04:30:00.000Z",
    "tz": "Australia/Sydney",
    "status": "pending",
    "createdAt": 1757249780354
  },
  {
    "token": "a20dc2df-1335-4cfe-a9b3-c49bf2c7db04",
    "candidateId": 24,
    "interviewerEmail": "parthoeee68@gmail.com",
    "candidateEmail": "a",
    "startISO": "2025-09-08T00:00:00.000Z",
    "endISO": "2025-09-08T00:30:00.000Z",
    "tz": "Australia/Sydney",
    "status": "pending",
    "createdAt": 1757249789331
  },
  {
    "token": "075d61a1-98c8-47ea-af64-f86b05e512b9",
    "candidateId": 24,
    "interviewerEmail": "parthoeee68@gmail.com",
    "candidateEmail": "a",
    "startISO": "2025-09-08T04:00:00.000Z",
    "endISO": "2025-09-08T04:30:00.000Z",
    "tz": "Australia/Sydney",
    "status": "pending",
    "createdAt": 1757249789331
  },
  {
    "token": "3ab7ae2e-482c-49c2-bdcc-ae4103a681a1",
    "candidateId": 24,
    "interviewerEmail": "parthoeee68@gmail.com",
    "candidateEmail": "a",
    "startISO": "2025-09-09T00:00:00.000Z",
    "endISO": "2025-09-09T00:30:00.000Z",
    "tz": "Australia/Sydney",
    "status": "pending",
    "createdAt": 1757249789331
  },
  {
    "token": "a52462a4-e02a-4837-8f5d-e9f840912e20",
    "candidateId": 24,
    "interviewerEmail": "parthoeee68@gmail.com",
    "candidateEmail": "a",
    "startISO": "2025-09-09T04:00:00.000Z",
    "endISO": "2025-09-09T04:30:00.000Z",
    "tz": "Australia/Sydney",
    "status": "pending",
    "createdAt": 1757249789331
  },
  {
    "token": "79be97ec-b36d-4573-a21a-5e8fe688e272",
    "candidateId": 24,
    "interviewerEmail": "parthoeee68@gmail.com",
    "candidateEmail": "a",
    "startISO": "2025-09-10T00:00:00.000Z",
    "endISO": "2025-09-10T00:30:00.000Z",
    "tz": "Australia/Sydney",
    "status": "pending",
    "createdAt": 1757249789331
  },
  {
    "token": "068a59b6-a390-4730-9155-3acaa43a1b07",
    "candidateId": 24,
    "interviewerEmail": "parthoeee68@gmail.com",
    "candidateEmail": "a",
    "startISO": "2025-09-10T04:00:00.000Z",
    "endISO": "2025-09-10T04:30:00.000Z",
    "tz": "Australia/Sydney",
    "status": "pending",
    "createdAt": 1757249789331
  },
  {
    "token": "37b4e280-ae71-4ff1-a36a-0e4fb48ed059",
    "candidateId": 24,
    "interviewerEmail": "parthoeee68@gmail.com",
    "candidateEmail": "a",
    "startISO": "2025-09-08T00:00:00.000Z",
    "endISO": "2025-09-08T00:30:00.000Z",
    "tz": "Australia/Sydney",
    "status": "pending",
    "createdAt": 1757249791282
  },
  {
    "token": "83bd72d7-e629-4c9f-b3a1-a0bc98cfda1d",
    "candidateId": 24,
    "interviewerEmail": "parthoeee68@gmail.com",
    "candidateEmail": "a",
    "startISO": "2025-09-08T04:00:00.000Z",
    "endISO": "2025-09-08T04:30:00.000Z",
    "tz": "Australia/Sydney",
    "status": "pending",
    "createdAt": 1757249791282
  },
  {
    "token": "e87c5729-457e-4d40-bd7c-c8acefbc55b8",
    "candidateId": 24,
    "interviewerEmail": "parthoeee68@gmail.com",
    "candidateEmail": "a",
    "startISO": "2025-09-09T00:00:00.000Z",
    "endISO": "2025-09-09T00:30:00.000Z",
    "tz": "Australia/Sydney",
    "status": "pending",
    "createdAt": 1757249791282
  },
  {
    "token": "b37cb2de-5c71-401d-815d-ab9152795a3b",
    "candidateId": 24,
    "interviewerEmail": "parthoeee68@gmail.com",
    "candidateEmail": "a",
    "startISO": "2025-09-09T04:00:00.000Z",
    "endISO": "2025-09-09T04:30:00.000Z",
    "tz": "Australia/Sydney",
    "status": "pending",
    "createdAt": 1757249791282
  },
  {
    "token": "1eaf12c0-73d4-491d-bcb4-5bbe55864fae",
    "candidateId": 24,
    "interviewerEmail": "parthoeee68@gmail.com",
    "candidateEmail": "a",
    "startISO": "2025-09-10T00:00:00.000Z",
    "endISO": "2025-09-10T00:30:00.000Z",
    "tz": "Australia/Sydney",
    "status": "pending",
    "createdAt": 1757249791282
  },
  {
    "token": "1a9f9b33-5b81-40ad-91d4-133454b44314",
    "candidateId": 24,
    "interviewerEmail": "parthoeee68@gmail.com",
    "candidateEmail": "a",
    "startISO": "2025-09-10T04:00:00.000Z",
    "endISO": "2025-09-10T04:30:00.000Z",
    "tz": "Australia/Sydney",
    "status": "pending",
    "createdAt": 1757249791282
  },
  {
    "token": "921da0f0-2bf5-4a98-b835-d8186c5cd440",
    "candidateId": 24,
    "interviewerEmail": "parthoeee68@gmail.com",
    "candidateEmail": "a",
    "startISO": "2025-09-08T00:00:00.000Z",
    "endISO": "2025-09-08T00:30:00.000Z",
    "tz": "Australia/Sydney",
    "status": "pending",
    "createdAt": 1757249796487
  },
  {
    "token": "4dd6ccf3-4965-4d9b-9890-02a193c21db1",
    "candidateId": 24,
    "interviewerEmail": "parthoeee68@gmail.com",
    "candidateEmail": "a",
    "startISO": "2025-09-08T04:00:00.000Z",
    "endISO": "2025-09-08T04:30:00.000Z",
    "tz": "Australia/Sydney",
    "status": "pending",
    "createdAt": 1757249796487
  },
  {
    "token": "f43895ca-77db-424d-8b94-117a61cf9660",
    "candidateId": 24,
    "interviewerEmail": "parthoeee68@gmail.com",
    "candidateEmail": "a",
    "startISO": "2025-09-09T00:00:00.000Z",
    "endISO": "2025-09-09T00:30:00.000Z",
    "tz": "Australia/Sydney",
    "status": "pending",
    "createdAt": 1757249796487
  },
  {
    "token": "b49a642b-2362-472a-8d15-4119e1ba728d",
    "candidateId": 24,
    "interviewerEmail": "parthoeee68@gmail.com",
    "candidateEmail": "a",
    "startISO": "2025-09-09T04:00:00.000Z",
    "endISO": "2025-09-09T04:30:00.000Z",
    "tz": "Australia/Sydney",
    "status": "pending",
    "createdAt": 1757249796487
  },
  {
    "token": "a6d9a045-3baa-4b07-8f9f-6ff80d28fef6",
    "candidateId": 24,
    "interviewerEmail": "parthoeee68@gmail.com",
    "candidateEmail": "a",
    "startISO": "2025-09-10T00:00:00.000Z",
    "endISO": "2025-09-10T00:30:00.000Z",
    "tz": "Australia/Sydney",
    "status": "pending",
    "createdAt": 1757249796487
  },
  {
    "token": "8b8eb41c-61d1-421b-a02c-71cfbefea9f2",
    "candidateId": 24,
    "interviewerEmail": "parthoeee68@gmail.com",
    "candidateEmail": "a",
    "startISO": "2025-09-10T04:00:00.000Z",
    "endISO": "2025-09-10T04:30:00.000Z",
    "tz": "Australia/Sydney",
    "status": "pending",
    "createdAt": 1757249796487
  },
  {
    "token": "304e0208-7b93-48b8-ade7-5b10be8310bd",
    "candidateId": 24,
    "interviewerEmail": "parthoeee68@gmail.com",
    "candidateEmail": "a",
    "startISO": "2025-09-08T00:00:00.000Z",
    "endISO": "2025-09-08T00:30:00.000Z",
    "tz": "Australia/Sydney",
    "status": "pending",
    "createdAt": 1757250025777
  },
  {
    "token": "f678c054-b2dc-43ea-937d-b1e04ae96341",
    "candidateId": 24,
    "interviewerEmail": "parthoeee68@gmail.com",
    "candidateEmail": "a",
    "startISO": "2025-09-08T04:00:00.000Z",
    "endISO": "2025-09-08T04:30:00.000Z",
    "tz": "Australia/Sydney",
    "status": "pending",
    "createdAt": 1757250025777
  },
  {
    "token": "53fa8a6b-7c6b-491f-802f-3ec2b569b9c2",
    "candidateId": 24,
    "interviewerEmail": "parthoeee68@gmail.com",
    "candidateEmail": "a",
    "startISO": "2025-09-09T00:00:00.000Z",
    "endISO": "2025-09-09T00:30:00.000Z",
    "tz": "Australia/Sydney",
    "status": "pending",
    "createdAt": 1757250025777
  },
  {
    "token": "29c622b4-9781-4573-b96d-3a99b53686d8",
    "candidateId": 24,
    "interviewerEmail": "parthoeee68@gmail.com",
    "candidateEmail": "a",
    "startISO": "2025-09-09T04:00:00.000Z",
    "endISO": "2025-09-09T04:30:00.000Z",
    "tz": "Australia/Sydney",
    "status": "pending",
    "createdAt": 1757250025777
  },
  {
    "token": "baa6abce-ad9a-4ac7-a3a6-73856bc1b6d7",
    "candidateId": 24,
    "interviewerEmail": "parthoeee68@gmail.com",
    "candidateEmail": "a",
    "startISO": "2025-09-10T00:00:00.000Z",
    "endISO": "2025-09-10T00:30:00.000Z",
    "tz": "Australia/Sydney",
    "status": "pending",
    "createdAt": 1757250025777
  },
  {
    "token": "3c07d271-9ff0-4158-922a-762845c4b43e",
    "candidateId": 24,
    "interviewerEmail": "parthoeee68@gmail.com",
    "candidateEmail": "a",
    "startISO": "2025-09-10T04:00:00.000Z",
    "endISO": "2025-09-10T04:30:00.000Z",
    "tz": "Australia/Sydney",
    "status": "pending",
    "createdAt": 1757250025777
  },
  {
    "token": "b6fb73bb-9719-4e98-a477-236abb94d976",
    "candidateId": 24,
    "interviewerEmail": "parthoeee68@gmail.com",
    "candidateEmail": "a",
    "startISO": "2025-09-08T00:00:00.000Z",
    "endISO": "2025-09-08T00:30:00.000Z",
    "tz": "Australia/Sydney",
    "status": "pending",
    "createdAt": 1757250560026
  },
  {
    "token": "81ea1135-e480-4cb0-8531-5b81fe6e7206",
    "candidateId": 24,
    "interviewerEmail": "parthoeee68@gmail.com",
    "candidateEmail": "a",
    "startISO": "2025-09-08T04:00:00.000Z",
    "endISO": "2025-09-08T04:30:00.000Z",
    "tz": "Australia/Sydney",
    "status": "pending",
    "createdAt": 1757250560026
  },
  {
    "token": "59674852-6b83-41fb-b56b-eecf5b913375",
    "candidateId": 24,
    "interviewerEmail": "parthoeee68@gmail.com",
    "candidateEmail": "a",
    "startISO": "2025-09-09T00:00:00.000Z",
    "endISO": "2025-09-09T00:30:00.000Z",
    "tz": "Australia/Sydney",
    "status": "pending",
    "createdAt": 1757250560026
  },
  {
    "token": "3842e10e-1558-4824-9433-aa1de684ad91",
    "candidateId": 24,
    "interviewerEmail": "parthoeee68@gmail.com",
    "candidateEmail": "a",
    "startISO": "2025-09-09T04:00:00.000Z",
    "endISO": "2025-09-09T04:30:00.000Z",
    "tz": "Australia/Sydney",
    "status": "pending",
    "createdAt": 1757250560026
  },
  {
    "token": "1eed52c6-cf0e-472f-afe9-a904f47ec149",
    "candidateId": 24,
    "interviewerEmail": "parthoeee68@gmail.com",
    "candidateEmail": "a",
    "startISO": "2025-09-10T00:00:00.000Z",
    "endISO": "2025-09-10T00:30:00.000Z",
    "tz": "Australia/Sydney",
    "status": "pending",
    "createdAt": 1757250560026
  },
  {
    "token": "fa3e76ee-e78b-4a5f-94ce-c8a0f9e28e93",
    "candidateId": 24,
    "interviewerEmail": "parthoeee68@gmail.com",
    "candidateEmail": "a",
    "startISO": "2025-09-10T04:00:00.000Z",
    "endISO": "2025-09-10T04:30:00.000Z",
    "tz": "Australia/Sydney",
    "status": "pending",
    "createdAt": 1757250560026
  },
  {
    "token": "919062ca-493e-47d2-9ac4-73d89d253e6a",
    "candidateId": 23,
    "interviewerEmail": "parthoeee68@gmail.com",
    "candidateEmail": "parthoeee68@gmail.com",
    "startISO": "2025-09-08T00:00:00.000Z",
    "endISO": "2025-09-08T00:30:00.000Z",
    "tz": "Australia/Sydney",
    "status": "pending",
    "createdAt": 1757250857401
  },
  {
    "token": "95917cd6-d324-4217-b936-7267faab3bc7",
    "candidateId": 23,
    "interviewerEmail": "parthoeee68@gmail.com",
    "candidateEmail": "parthoeee68@gmail.com",
    "startISO": "2025-09-08T04:00:00.000Z",
    "endISO": "2025-09-08T04:30:00.000Z",
    "tz": "Australia/Sydney",
    "status": "pending",
    "createdAt": 1757250857401
  },
  {
    "token": "207ee5ce-f047-4042-8bc1-d5e69e48467a",
    "candidateId": 23,
    "interviewerEmail": "parthoeee68@gmail.com",
    "candidateEmail": "parthoeee68@gmail.com",
    "startISO": "2025-09-09T00:00:00.000Z",
    "endISO": "2025-09-09T00:30:00.000Z",
    "tz": "Australia/Sydney",
    "status": "confirmed",
    "createdAt": 1757250857402,
    "confirmedAt": 1757250875448
  },
  {
    "token": "34ddcee3-d215-4bf8-998b-218a68d1b881",
    "candidateId": 23,
    "interviewerEmail": "parthoeee68@gmail.com",
    "candidateEmail": "parthoeee68@gmail.com",
    "startISO": "2025-09-09T04:00:00.000Z",
    "endISO": "2025-09-09T04:30:00.000Z",
    "tz": "Australia/Sydney",
    "status": "pending",
    "createdAt": 1757250857402
  },
  {
    "token": "afcf061d-6ba2-466a-9b85-3cc5ea94034f",
    "candidateId": 23,
    "interviewerEmail": "parthoeee68@gmail.com",
    "candidateEmail": "parthoeee68@gmail.com",
    "startISO": "2025-09-10T00:00:00.000Z",
    "endISO": "2025-09-10T00:30:00.000Z",
    "tz": "Australia/Sydney",
    "status": "pending",
    "createdAt": 1757250857402
  },
  {
    "token": "288a066c-708e-4c0e-a969-47b1ec38a404",
    "candidateId": 23,
    "interviewerEmail": "parthoeee68@gmail.com",
    "candidateEmail": "parthoeee68@gmail.com",
    "startISO": "2025-09-10T04:00:00.000Z",
    "endISO": "2025-09-10T04:30:00.000Z",
    "tz": "Australia/Sydney",
    "status": "pending",
    "createdAt": 1757250857402
  },
  {
    "token": "536a8c51-dc70-4771-b343-0aa89a953217",
    "candidateId": 24,
    "interviewerEmail": "parthoeee68@gmail.com",
    "candidateEmail": "a",
    "startISO": "2025-09-08T00:00:00.000Z",
    "endISO": "2025-09-08T00:30:00.000Z",
    "tz": "Australia/Sydney",
    "status": "pending",
    "createdAt": 1757251309447
  },
  {
    "token": "ae09133e-1c6b-4310-87af-b94c6030bc7a",
    "candidateId": 24,
    "interviewerEmail": "parthoeee68@gmail.com",
    "candidateEmail": "a",
    "startISO": "2025-09-08T04:00:00.000Z",
    "endISO": "2025-09-08T04:30:00.000Z",
    "tz": "Australia/Sydney",
    "status": "pending",
    "createdAt": 1757251309447
  },
  {
    "token": "425ce3d5-c7b8-4521-99e7-871bff3fce2a",
    "candidateId": 24,
    "interviewerEmail": "parthoeee68@gmail.com",
    "candidateEmail": "a",
    "startISO": "2025-09-09T00:00:00.000Z",
    "endISO": "2025-09-09T00:30:00.000Z",
    "tz": "Australia/Sydney",
    "status": "pending",
    "createdAt": 1757251309447
  },
  {
    "token": "816e8f7f-60ed-44a0-8f2f-d2a1caea9ba3",
    "candidateId": 24,
    "interviewerEmail": "parthoeee68@gmail.com",
    "candidateEmail": "a",
    "startISO": "2025-09-09T04:00:00.000Z",
    "endISO": "2025-09-09T04:30:00.000Z",
    "tz": "Australia/Sydney",
    "status": "pending",
    "createdAt": 1757251309447
  },
  {
    "token": "5bcf0a61-9da8-4ce8-aa66-88aac0df4cb6",
    "candidateId": 24,
    "interviewerEmail": "parthoeee68@gmail.com",
    "candidateEmail": "a",
    "startISO": "2025-09-10T00:00:00.000Z",
    "endISO": "2025-09-10T00:30:00.000Z",
    "tz": "Australia/Sydney",
    "status": "pending",
    "createdAt": 1757251309447
  },
  {
    "token": "c86651ae-582a-4fbf-b9be-5694623e3a13",
    "candidateId": 24,
    "interviewerEmail": "parthoeee68@gmail.com",
    "candidateEmail": "a",
    "startISO": "2025-09-10T04:00:00.000Z",
    "endISO": "2025-09-10T04:30:00.000Z",
    "tz": "Australia/Sydney",
    "status": "pending",
    "createdAt": 1757251309447
  },
  {
    "token": "3312ec52-73ce-4d67-b4eb-1671753cca56",
    "candidateId": 24,
    "interviewerEmail": "parthoeee68@gmail.com",
    "candidateEmail": "a",
    "startISO": "2025-09-08T00:00:00.000Z",
    "endISO": "2025-09-08T00:30:00.000Z",
    "tz": "Australia/Sydney",
    "status": "pending",
    "createdAt": 1757251311606
  },
  {
    "token": "32edd8ed-a0e0-4e3a-8668-c07884b08799",
    "candidateId": 24,
    "interviewerEmail": "parthoeee68@gmail.com",
    "candidateEmail": "a",
    "startISO": "2025-09-08T04:00:00.000Z",
    "endISO": "2025-09-08T04:30:00.000Z",
    "tz": "Australia/Sydney",
    "status": "pending",
    "createdAt": 1757251311606
  },
  {
    "token": "2e177192-5b17-417d-bdfe-fb3c45860157",
    "candidateId": 24,
    "interviewerEmail": "parthoeee68@gmail.com",
    "candidateEmail": "a",
    "startISO": "2025-09-09T00:00:00.000Z",
    "endISO": "2025-09-09T00:30:00.000Z",
    "tz": "Australia/Sydney",
    "status": "pending",
    "createdAt": 1757251311606
  },
  {
    "token": "9148025c-955e-4a34-810f-81b3138dc0a0",
    "candidateId": 24,
    "interviewerEmail": "parthoeee68@gmail.com",
    "candidateEmail": "a",
    "startISO": "2025-09-09T04:00:00.000Z",
    "endISO": "2025-09-09T04:30:00.000Z",
    "tz": "Australia/Sydney",
    "status": "pending",
    "createdAt": 1757251311606
  },
  {
    "token": "68dbed5d-4d54-4aa1-9cd1-8f3fcace0932",
    "candidateId": 24,
    "interviewerEmail": "parthoeee68@gmail.com",
    "candidateEmail": "a",
    "startISO": "2025-09-10T00:00:00.000Z",
    "endISO": "2025-09-10T00:30:00.000Z",
    "tz": "Australia/Sydney",
    "status": "pending",
    "createdAt": 1757251311606
  },
  {
    "token": "337b948c-2870-49e7-a062-e097d6f76ccb",
    "candidateId": 24,
    "interviewerEmail": "parthoeee68@gmail.com",
    "candidateEmail": "a",
    "startISO": "2025-09-10T04:00:00.000Z",
    "endISO": "2025-09-10T04:30:00.000Z",
    "tz": "Australia/Sydney",
    "status": "pending",
    "createdAt": 1757251311606
  },
  {
    "token": "128d4494-820d-420e-b8a1-ee33023cc1db",
    "candidateId": 23,
    "interviewerEmail": "parthoeee68@gmail.com",
    "candidateEmail": "parthoeee68@gmail.com",
    "startISO": "2025-09-08T00:00:00.000Z",
    "endISO": "2025-09-08T00:30:00.000Z",
    "tz": "Australia/Sydney",
    "status": "pending",
    "createdAt": 1757251313922
  },
  {
    "token": "9bd5c8f7-08e5-420e-8982-9760b4fa1b3d",
    "candidateId": 23,
    "interviewerEmail": "parthoeee68@gmail.com",
    "candidateEmail": "parthoeee68@gmail.com",
    "startISO": "2025-09-08T04:00:00.000Z",
    "endISO": "2025-09-08T04:30:00.000Z",
    "tz": "Australia/Sydney",
    "status": "pending",
    "createdAt": 1757251313922
  },
  {
    "token": "344d83bd-b502-4b00-93cf-e24d044ebdf2",
    "candidateId": 23,
    "interviewerEmail": "parthoeee68@gmail.com",
    "candidateEmail": "parthoeee68@gmail.com",
    "startISO": "2025-09-09T00:00:00.000Z",
    "endISO": "2025-09-09T00:30:00.000Z",
    "tz": "Australia/Sydney",
    "status": "pending",
    "createdAt": 1757251313922
  },
  {
    "token": "a49d1f8e-6d91-48b8-82d3-44b65c41a4e1",
    "candidateId": 23,
    "interviewerEmail": "parthoeee68@gmail.com",
    "candidateEmail": "parthoeee68@gmail.com",
    "startISO": "2025-09-09T04:00:00.000Z",
    "endISO": "2025-09-09T04:30:00.000Z",
    "tz": "Australia/Sydney",
    "status": "pending",
    "createdAt": 1757251313922
  },
  {
    "token": "b9cc0f27-e128-4a9b-acda-d1f1a6729404",
    "candidateId": 23,
    "interviewerEmail": "parthoeee68@gmail.com",
    "candidateEmail": "parthoeee68@gmail.com",
    "startISO": "2025-09-10T00:00:00.000Z",
    "endISO": "2025-09-10T00:30:00.000Z",
    "tz": "Australia/Sydney",
    "status": "pending",
    "createdAt": 1757251313922
  },
  {
    "token": "da1eae19-094c-402a-acd8-c61560a34593",
    "candidateId": 23,
    "interviewerEmail": "parthoeee68@gmail.com",
    "candidateEmail": "parthoeee68@gmail.com",
    "startISO": "2025-09-10T04:00:00.000Z",
    "endISO": "2025-09-10T04:30:00.000Z",
    "tz": "Australia/Sydney",
    "status": "pending",
    "createdAt": 1757251313922
  },
  {
    "token": "97587efa-45aa-4a0d-98d7-4b8cbceab0e8",
    "candidateId": 24,
    "interviewerEmail": "parthoeee68@gmail.com",
    "candidateEmail": "a",
    "startISO": "2025-09-08T00:00:00.000Z",
    "endISO": "2025-09-08T00:30:00.000Z",
    "tz": "Australia/Sydney",
    "status": "pending",
    "createdAt": 1757252567606
  },
  {
    "token": "dc5caf90-9709-41af-bf09-65a62dd68d5b",
    "candidateId": 24,
    "interviewerEmail": "parthoeee68@gmail.com",
    "candidateEmail": "a",
    "startISO": "2025-09-08T04:00:00.000Z",
    "endISO": "2025-09-08T04:30:00.000Z",
    "tz": "Australia/Sydney",
    "status": "pending",
    "createdAt": 1757252567606
  },
  {
    "token": "e966f32b-bf99-44b7-a416-cb137b4e0234",
    "candidateId": 24,
    "interviewerEmail": "parthoeee68@gmail.com",
    "candidateEmail": "a",
    "startISO": "2025-09-09T00:00:00.000Z",
    "endISO": "2025-09-09T00:30:00.000Z",
    "tz": "Australia/Sydney",
    "status": "pending",
    "createdAt": 1757252567606
  },
  {
    "token": "93992530-99bb-428b-b68a-f81b405eb025",
    "candidateId": 24,
    "interviewerEmail": "parthoeee68@gmail.com",
    "candidateEmail": "a",
    "startISO": "2025-09-09T04:00:00.000Z",
    "endISO": "2025-09-09T04:30:00.000Z",
    "tz": "Australia/Sydney",
    "status": "pending",
    "createdAt": 1757252567606
  },
  {
    "token": "c3a62371-2570-4699-aeb7-d779db2d70f4",
    "candidateId": 24,
    "interviewerEmail": "parthoeee68@gmail.com",
    "candidateEmail": "a",
    "startISO": "2025-09-10T00:00:00.000Z",
    "endISO": "2025-09-10T00:30:00.000Z",
    "tz": "Australia/Sydney",
    "status": "pending",
    "createdAt": 1757252567606
  },
  {
    "token": "f4282cfc-0d92-4f79-b079-55bf0b3e6dc7",
    "candidateId": 24,
    "interviewerEmail": "parthoeee68@gmail.com",
    "candidateEmail": "a",
    "startISO": "2025-09-10T04:00:00.000Z",
    "endISO": "2025-09-10T04:30:00.000Z",
    "tz": "Australia/Sydney",
    "status": "pending",
    "createdAt": 1757252567606
  },
  {
    "token": "e07295e1-cabb-4d4e-98b4-fbb62af04de2",
    "candidateId": 23,
    "interviewerEmail": "parthoeee68@gmail.com",
    "candidateEmail": "parthoeee68@gmail.com",
    "startISO": "2025-09-08T00:00:00.000Z",
    "endISO": "2025-09-08T00:30:00.000Z",
    "tz": "Australia/Sydney",
    "status": "pending",
    "createdAt": 1757252569955
  },
  {
    "token": "ba4939e4-c790-4d35-a27d-90c5ca2d7962",
    "candidateId": 23,
    "interviewerEmail": "parthoeee68@gmail.com",
    "candidateEmail": "parthoeee68@gmail.com",
    "startISO": "2025-09-08T04:00:00.000Z",
    "endISO": "2025-09-08T04:30:00.000Z",
    "tz": "Australia/Sydney",
    "status": "pending",
    "createdAt": 1757252569955
  },
  {
    "token": "735e0de3-f13b-4d05-a60a-7cd36d6291e6",
    "candidateId": 23,
    "interviewerEmail": "parthoeee68@gmail.com",
    "candidateEmail": "parthoeee68@gmail.com",
    "startISO": "2025-09-09T00:00:00.000Z",
    "endISO": "2025-09-09T00:30:00.000Z",
    "tz": "Australia/Sydney",
    "status": "pending",
    "createdAt": 1757252569955
  },
  {
    "token": "ab4669bf-ac84-4f0d-90c3-fbbda22cbe9a",
    "candidateId": 23,
    "interviewerEmail": "parthoeee68@gmail.com",
    "candidateEmail": "parthoeee68@gmail.com",
    "startISO": "2025-09-09T04:00:00.000Z",
    "endISO": "2025-09-09T04:30:00.000Z",
    "tz": "Australia/Sydney",
    "status": "pending",
    "createdAt": 1757252569955
  },
  {
    "token": "f4d82323-c670-4b21-b855-4e2b2939db35",
    "candidateId": 23,
    "interviewerEmail": "parthoeee68@gmail.com",
    "candidateEmail": "parthoeee68@gmail.com",
    "startISO": "2025-09-10T00:00:00.000Z",
    "endISO": "2025-09-10T00:30:00.000Z",
    "tz": "Australia/Sydney",
    "status": "pending",
    "createdAt": 1757252569955
  },
  {
    "token": "fcc291df-1d8f-4716-9a0f-fc1c2d3885d2",
    "candidateId": 23,
    "interviewerEmail": "parthoeee68@gmail.com",
    "candidateEmail": "parthoeee68@gmail.com",
    "startISO": "2025-09-10T04:00:00.000Z",
    "endISO": "2025-09-10T04:30:00.000Z",
    "tz": "Australia/Sydney",
    "status": "pending",
    "createdAt": 1757252569955
  },
  {
    "token": "92f31753-fcf3-41bf-b180-914d929bffe3",
    "candidateId": 23,
    "interviewerEmail": "parthoeee68@gmail.com",
    "candidateEmail": "parthoeee68@gmail.com",
    "startISO": "2025-09-08T00:00:00.000Z",
    "endISO": "2025-09-08T00:15:00.000Z",
    "tz": "Australia/Sydney",
    "status": "pending",
    "createdAt": 1757252575725
  },
  {
    "token": "8c33e60f-6c42-448d-8899-7f60d5e34f94",
    "candidateId": 23,
    "interviewerEmail": "parthoeee68@gmail.com",
    "candidateEmail": "parthoeee68@gmail.com",
    "startISO": "2025-09-08T04:00:00.000Z",
    "endISO": "2025-09-08T04:15:00.000Z",
    "tz": "Australia/Sydney",
    "status": "pending",
    "createdAt": 1757252575725
  },
  {
    "token": "52f879fd-ff83-47ad-abe9-057cdc638da4",
    "candidateId": 23,
    "interviewerEmail": "parthoeee68@gmail.com",
    "candidateEmail": "parthoeee68@gmail.com",
    "startISO": "2025-09-09T00:00:00.000Z",
    "endISO": "2025-09-09T00:15:00.000Z",
    "tz": "Australia/Sydney",
    "status": "pending",
    "createdAt": 1757252575725
  },
  {
    "token": "fcc0ccda-bbb8-4a97-9897-824e17bcfa94",
    "candidateId": 23,
    "interviewerEmail": "parthoeee68@gmail.com",
    "candidateEmail": "parthoeee68@gmail.com",
    "startISO": "2025-09-09T04:00:00.000Z",
    "endISO": "2025-09-09T04:15:00.000Z",
    "tz": "Australia/Sydney",
    "status": "pending",
    "createdAt": 1757252575725
  },
  {
    "token": "b548b633-7415-4e4e-a930-d26f84105cb7",
    "candidateId": 23,
    "interviewerEmail": "parthoeee68@gmail.com",
    "candidateEmail": "parthoeee68@gmail.com",
    "startISO": "2025-09-10T00:00:00.000Z",
    "endISO": "2025-09-10T00:15:00.000Z",
    "tz": "Australia/Sydney",
    "status": "pending",
    "createdAt": 1757252575725
  },
  {
    "token": "2d999381-b3b1-4039-9e97-91ced6b8a16c",
    "candidateId": 23,
    "interviewerEmail": "parthoeee68@gmail.com",
    "candidateEmail": "parthoeee68@gmail.com",
    "startISO": "2025-09-10T04:00:00.000Z",
    "endISO": "2025-09-10T04:15:00.000Z",
    "tz": "Australia/Sydney",
    "status": "confirmed",
    "createdAt": 1757252575725,
    "confirmedAt": 1757252604575
  },
  {
    "token": "a58f929d-97c8-42c4-b087-a23884f58990",
    "candidateId": 24,
    "interviewerEmail": "parthoeee68@gmail.com",
    "candidateEmail": "a",
    "startISO": "2025-09-08T00:00:00.000Z",
    "endISO": "2025-09-08T00:30:00.000Z",
    "tz": "Australia/Sydney",
    "status": "confirmed",
    "createdAt": 1757287475006,
    "confirmedAt": 1757287495832
  },
  {
    "token": "2585fb39-03fe-4aec-8c2f-7cbf27c1078a",
    "candidateId": 24,
    "interviewerEmail": "parthoeee68@gmail.com",
    "candidateEmail": "a",
    "startISO": "2025-09-08T04:00:00.000Z",
    "endISO": "2025-09-08T04:30:00.000Z",
    "tz": "Australia/Sydney",
    "status": "pending",
    "createdAt": 1757287475006
  },
  {
    "token": "b1077a5b-a8a3-48c3-a09e-dbbaeee8f5bb",
    "candidateId": 24,
    "interviewerEmail": "parthoeee68@gmail.com",
    "candidateEmail": "a",
    "startISO": "2025-09-09T00:00:00.000Z",
    "endISO": "2025-09-09T00:30:00.000Z",
    "tz": "Australia/Sydney",
    "status": "pending",
    "createdAt": 1757287475006
  },
  {
    "token": "09d28d4f-3987-4045-aba0-9d9635466163",
    "candidateId": 24,
    "interviewerEmail": "parthoeee68@gmail.com",
    "candidateEmail": "a",
    "startISO": "2025-09-09T04:00:00.000Z",
    "endISO": "2025-09-09T04:30:00.000Z",
    "tz": "Australia/Sydney",
    "status": "pending",
    "createdAt": 1757287475006
  },
  {
    "token": "06133603-88ad-46c2-bf08-5e22c580114c",
    "candidateId": 24,
    "interviewerEmail": "parthoeee68@gmail.com",
    "candidateEmail": "a",
    "startISO": "2025-09-10T00:00:00.000Z",
    "endISO": "2025-09-10T00:30:00.000Z",
    "tz": "Australia/Sydney",
    "status": "pending",
    "createdAt": 1757287475006
  },
  {
    "token": "bfbdc4b3-d976-4164-a15e-705906419d5b",
    "candidateId": 24,
    "interviewerEmail": "parthoeee68@gmail.com",
    "candidateEmail": "a",
    "startISO": "2025-09-10T04:00:00.000Z",
    "endISO": "2025-09-10T04:30:00.000Z",
    "tz": "Australia/Sydney",
    "status": "pending",
    "createdAt": 1757287475006
  },
  {
    "token": "79de9011-c07c-443f-b7cd-35d2d36bd159",
    "candidateId": 23,
    "interviewerEmail": "parthoeee68@gmail.com",
    "candidateEmail": "parthoeee68@gmail.com",
    "startISO": "2025-09-08T00:00:00.000Z",
    "endISO": "2025-09-08T00:30:00.000Z",
    "tz": "Australia/Sydney",
    "status": "pending",
    "createdAt": 1757287684769
  },
  {
    "token": "8c02daf6-464a-4c3f-8c8e-64af6e90c936",
    "candidateId": 23,
    "interviewerEmail": "parthoeee68@gmail.com",
    "candidateEmail": "parthoeee68@gmail.com",
    "startISO": "2025-09-08T04:00:00.000Z",
    "endISO": "2025-09-08T04:30:00.000Z",
    "tz": "Australia/Sydney",
    "status": "pending",
    "createdAt": 1757287684769
  },
  {
    "token": "3607ee20-1a60-4bcf-9614-3f150061489d",
    "candidateId": 23,
    "interviewerEmail": "parthoeee68@gmail.com",
    "candidateEmail": "parthoeee68@gmail.com",
    "startISO": "2025-09-09T00:00:00.000Z",
    "endISO": "2025-09-09T00:30:00.000Z",
    "tz": "Australia/Sydney",
    "status": "pending",
    "createdAt": 1757287684769
  },
  {
    "token": "452b6a05-23d6-41a6-8fd3-1580d279cbb3",
    "candidateId": 23,
    "interviewerEmail": "parthoeee68@gmail.com",
    "candidateEmail": "parthoeee68@gmail.com",
    "startISO": "2025-09-09T04:00:00.000Z",
    "endISO": "2025-09-09T04:30:00.000Z",
    "tz": "Australia/Sydney",
    "status": "confirmed",
    "createdAt": 1757287684769,
    "confirmedAt": 1757287704755
  },
  {
    "token": "38d9fe18-4cd9-48d8-a51f-3aba92c1d485",
    "candidateId": 23,
    "interviewerEmail": "parthoeee68@gmail.com",
    "candidateEmail": "parthoeee68@gmail.com",
    "startISO": "2025-09-10T00:00:00.000Z",
    "endISO": "2025-09-10T00:30:00.000Z",
    "tz": "Australia/Sydney",
    "status": "pending",
    "createdAt": 1757287684769
  },
  {
    "token": "393a25b5-2b95-4a04-a1ec-fc92ce8c2235",
    "candidateId": 23,
    "interviewerEmail": "parthoeee68@gmail.com",
    "candidateEmail": "parthoeee68@gmail.com",
    "startISO": "2025-09-10T04:00:00.000Z",
    "endISO": "2025-09-10T04:30:00.000Z",
    "tz": "Australia/Sydney",
    "status": "pending",
    "createdAt": 1757287684769
  },
  {
    "token": "0f31d047-c840-40b4-8d27-afb32d54b6cc",
    "candidateId": 24,
    "interviewerEmail": "parthoeee68@gmail.com",
    "candidateEmail": "a",
    "startISO": "2025-09-08T00:00:00.000Z",
    "endISO": "2025-09-08T00:30:00.000Z",
    "tz": "Australia/Sydney",
    "status": "confirmed",
    "createdAt": 1757287782271,
    "confirmedAt": 1757287816395
  },
  {
    "token": "e7cfa5bb-4d3b-4ec1-99a9-42ac3b7a72c4",
    "candidateId": 24,
    "interviewerEmail": "parthoeee68@gmail.com",
    "candidateEmail": "a",
    "startISO": "2025-09-08T04:00:00.000Z",
    "endISO": "2025-09-08T04:30:00.000Z",
    "tz": "Australia/Sydney",
    "status": "pending",
    "createdAt": 1757287782271
  },
  {
    "token": "ae1a232b-d702-4b8d-8f46-e93e9d408738",
    "candidateId": 24,
    "interviewerEmail": "parthoeee68@gmail.com",
    "candidateEmail": "a",
    "startISO": "2025-09-09T00:00:00.000Z",
    "endISO": "2025-09-09T00:30:00.000Z",
    "tz": "Australia/Sydney",
    "status": "pending",
    "createdAt": 1757287782271
  },
  {
    "token": "9c13933a-e261-4a52-adbd-df6a11dc0104",
    "candidateId": 24,
    "interviewerEmail": "parthoeee68@gmail.com",
    "candidateEmail": "a",
    "startISO": "2025-09-09T04:00:00.000Z",
    "endISO": "2025-09-09T04:30:00.000Z",
    "tz": "Australia/Sydney",
    "status": "pending",
    "createdAt": 1757287782271
  },
  {
    "token": "90c2799d-1c0e-41ea-bffc-f4dd4025d62c",
    "candidateId": 24,
    "interviewerEmail": "parthoeee68@gmail.com",
    "candidateEmail": "a",
    "startISO": "2025-09-10T00:00:00.000Z",
    "endISO": "2025-09-10T00:30:00.000Z",
    "tz": "Australia/Sydney",
    "status": "pending",
    "createdAt": 1757287782271
  },
  {
    "token": "25325b91-9b7b-49fd-a163-5fd3b4841189",
    "candidateId": 24,
    "interviewerEmail": "parthoeee68@gmail.com",
    "candidateEmail": "a",
    "startISO": "2025-09-10T04:00:00.000Z",
    "endISO": "2025-09-10T04:30:00.000Z",
    "tz": "Australia/Sydney",
    "status": "pending",
    "createdAt": 1757287782271
  },
  {
    "token": "4a09d4b8-9d04-4169-ac31-0b2d3d9e0235",
    "candidateId": 24,
    "interviewerEmail": "parthoeee68@gmail.com",
    "candidateEmail": "a",
    "startISO": "2025-09-08T00:00:00.000Z",
    "endISO": "2025-09-08T00:30:00.000Z",
    "tz": "Australia/Sydney",
    "status": "confirmed",
    "createdAt": 1757288180164,
    "confirmedAt": 1757288217908
  },
  {
    "token": "12b638fe-8e4f-4805-a10a-c88e87c698ce",
    "candidateId": 24,
    "interviewerEmail": "parthoeee68@gmail.com",
    "candidateEmail": "a",
    "startISO": "2025-09-08T04:00:00.000Z",
    "endISO": "2025-09-08T04:30:00.000Z",
    "tz": "Australia/Sydney",
    "status": "pending",
    "createdAt": 1757288180164
  },
  {
    "token": "d8f21316-ee29-4123-abb9-515edc980c88",
    "candidateId": 24,
    "interviewerEmail": "parthoeee68@gmail.com",
    "candidateEmail": "a",
    "startISO": "2025-09-09T00:00:00.000Z",
    "endISO": "2025-09-09T00:30:00.000Z",
    "tz": "Australia/Sydney",
    "status": "pending",
    "createdAt": 1757288180164
  },
  {
    "token": "ec45888b-23aa-4561-9daa-bc2132197ac9",
    "candidateId": 24,
    "interviewerEmail": "parthoeee68@gmail.com",
    "candidateEmail": "a",
    "startISO": "2025-09-09T04:00:00.000Z",
    "endISO": "2025-09-09T04:30:00.000Z",
    "tz": "Australia/Sydney",
    "status": "pending",
    "createdAt": 1757288180164
  },
  {
    "token": "babcd736-5690-4434-9655-0da4a0219e8a",
    "candidateId": 24,
    "interviewerEmail": "parthoeee68@gmail.com",
    "candidateEmail": "a",
    "startISO": "2025-09-10T00:00:00.000Z",
    "endISO": "2025-09-10T00:30:00.000Z",
    "tz": "Australia/Sydney",
    "status": "pending",
    "createdAt": 1757288180164
  },
  {
    "token": "8802d60d-c4f4-4cf8-9f0d-7f5bc419be84",
    "candidateId": 24,
    "interviewerEmail": "parthoeee68@gmail.com",
    "candidateEmail": "a",
    "startISO": "2025-09-10T04:00:00.000Z",
    "endISO": "2025-09-10T04:30:00.000Z",
    "tz": "Australia/Sydney",
    "status": "pending",
    "createdAt": 1757288180164
  }
]
